"0","list.surveys
"
"1"," [1]"
"1"," ""data/001_s.rds"""
"1"," ""data/002_s.rds"""
"1"," ""data/003_s.rds"""
"1"," ""data/004_s.rds"""
"1"," ""data/005_s.rds"""
"1","
"
"1"," [6]"
"1"," ""data/006_s.rds"""
"1"," ""data/007_s.rds"""
"1"," ""data/008_s.rds"""
"1"," ""data/009_s.rds"""
"1"," ""data/010_s.rds"""
"1","
"
"1","[11]"
"1"," ""data/011_s.rds"""
"1"," ""data/012_s.rds"""
"1"," ""data/013_s.rds"""
"1"," ""data/014_s.rds"""
"1"," ""data/015_s.rds"""
"1","
"
"1","[16]"
"1"," ""data/016_s.rds"""
"1"," ""data/017_s.rds"""
"1"," ""data/018_s.rds"""
"1"," ""data/019_s.rds"""
"1"," ""data/020_s.rds"""
"1","
"
"1","[21]"
"1"," ""data/021_s.rds"""
"1"," ""data/022_s.rds"""
"1"," ""data/023_s.rds"""
"1"," ""data/024_s.rds"""
"1"," ""data/025_s.rds"""
"1","
"
"1","[26]"
"1"," ""data/026_s.rds"""
"1"," ""data/027_s.rds"""
"1"," ""data/028_s.rds"""
"1"," ""data/029_s.rds"""
"1"," ""data/030_s.rds"""
"1","
"
"1","[31]"
"1"," ""data/031_s.rds"""
"1"," ""data/032_s.rds"""
"1"," ""data/033_s.rds"""
"1"," ""data/034_s.rds"""
"1"," ""data/035_s.rds"""
"1","
"
"1","[36]"
"1"," ""data/036_s.rds"""
"1"," ""data/037_s.rds"""
"1"," ""data/038_s.rds"""
"1"," ""data/039_s.rds"""
"1"," ""data/040_s.rds"""
"1","
"
"1","[41]"
"1"," ""data/041_s.rds"""
"1"," ""data/042_s.rds"""
"1"," ""data/043_s.rds"""
"1"," ""data/044_s.rds"""
"1"," ""data/045_s.rds"""
"1","
"
"1","[46]"
"1"," ""data/046_s.rds"""
"1"," ""data/047_s.rds"""
"1"," ""data/048_s.rds"""
"1"," ""data/049_s.rds"""
"1"," ""data/050_s.rds"""
"1","
"
"1","[51]"
"1"," ""data/051_s.rds"""
"1"," ""data/052_s.rds"""
"1"," ""data/053_s.rds"""
"1"," ""data/054_s.rds"""
"1"," ""data/055_s.rds"""
"1","
"
"1","[56]"
"1"," ""data/056_s.rds"""
"1"," ""data/057_s.rds"""
"1"," ""data/058_s.rds"""
"1"," ""data/059_s.rds"""
"1"," ""data/060_s.rds"""
"1","
"
"1","[61]"
"1"," ""data/061_s.rds"""
"1"," ""data/062_s.rds"""
"1"," ""data/063_s.rds"""
"1"," ""data/064_s.rds"""
"1"," ""data/065_s.rds"""
"1","
"
"1","[66]"
"1"," ""data/066_s.rds"""
"1"," ""data/067_s.rds"""
"1"," ""data/068_s.rds"""
"1"," ""data/069_s.rds"""
"1"," ""data/070_s.rds"""
"1","
"
"1","[71]"
"1"," ""data/071_s.rds"""
"1"," ""data/072_s.rds"""
"1"," ""data/073_s.rds"""
"1"," ""data/074_s.rds"""
"1"," ""data/075_s.rds"""
"1","
"
"1","[76]"
"1"," ""data/076_s.rds"""
"1"," ""data/077_s.rds"""
"1"," ""data/078_s.rds"""
"1"," ""data/079_s.rds"""
"1"," ""data/080_s.rds"""
"1","
"
"1","[81]"
"1"," ""data/081_s.rds"""
"1"," ""data/082_s.rds"""
"1"," ""data/083_s.rds"""
"1"," ""data/084_s.rds"""
"1"," ""data/085_s.rds"""
"1","
"
"1","[86]"
"1"," ""data/086_s.rds"""
"1"," ""data/087_s.rds"""
"1"," ""data/088_s.rds"""
"1"," ""data/089_s.rds"""
"1"," ""data/090_s.rds"""
"1","
"
"1","[91]"
"1"," ""data/091_s.rds"""
"1"," ""data/092_s.rds"""
"1"," ""data/093_s.rds"""
"1"," ""data/094_s.rds"""
"1"," ""data/095_s.rds"""
"1","
"
